<?xml version="1.0" encoding="UTF-8"?>
<rss version="2.0" xmlns:atom="http://www.w3.org/2005/Atom">
  <channel>
    <title>Reproductores MP3</title>
    <description>Análisis de los mejores productos y accesorios MP3 actualmente en venta.</description>
    <link>http://musicap3.com/</link>
    <atom:link href="http://musicap3.com/feed.xml" rel="self" type="application/rss+xml"/>
    <pubDate>Sat, 06 Jun 2015 18:45:34 +0200</pubDate>
    <lastBuildDate>Sat, 06 Jun 2015 18:45:34 +0200</lastBuildDate>
    <generator>Jekyll v2.2.0</generator>
    
      <item>
        <title>Mis Reproductores MP3</title>
        <description>&lt;p&gt;Hace unos días os conté cuál fue mi primer reproductor MP3, un Creative MuVo de 128 MB que ahora veríamos un poco antiguo, pero que en su momento fue un más que digno dispositivo. Cuando me decidí a cambiar, coincidió con la llegada de una nueva generación de reproductores, los MP4, dispositivos similares a los MP3 pero contaban con una pequeña pantalla que permitía ver vídeos. Tuve algún clon de este tipo de reproductores, su calidad de sonido y vídeo no era demasiado destacable, pero por lo menos te permitía ver alguna peli de camino al trabajo.&lt;/p&gt;

&lt;p&gt;Decidí que lo mejor era volver a la marca que mejores resultados me había dado hasta entonces, mi siguiente reproductor fue un Creative Zen X-Fi, con 8 Gigas de capacidad, una ranura para tarjetas SD, lo que hacía que la capacidad pudiera ser altísima y con una calidad de sonido bastante buena. Lo tengo desde hace ya más de 5 años y cuando he tenido que echar mano de él sigue funcionando de maravilla.&lt;/p&gt;

&lt;p&gt;&lt;img src=&quot;http://i.imgur.com/sT8lTj9.jpg&quot; alt=&quot;Imgur&quot; title=&quot;Creative Zen X-fi&quot; /&gt;&lt;/p&gt;

&lt;p&gt;Hoy en día, con la llegada de los smartphone los reproductores Mp3 han quedado un poco en desuso, cuaquier móvil te permite escuchar tus MP3 favoritos, e incluso con apps con Spotify, podemos tener casi toda la música que queramos al alcance de la mano, aunque a día de hoy, todavía no he encontrado ningún móvil con la calidad de sonido que me daba mi Creative.&lt;/p&gt;
</description>
        <pubDate>Sat, 06 Jun 2015 00:00:00 +0200</pubDate>
        <link>http://musicap3.com/Mis-Reproductores-MP3/</link>
        <guid isPermaLink="true">http://musicap3.com/Mis-Reproductores-MP3/</guid>
        
        
        <category>reproductores-mp3</category>
        
        <category>creative</category>
        
      </item>
    
      <item>
        <title>Auriculares inalámbricos Beats by Dr. Dre Solo2 Negros</title>
        <description>&lt;p&gt;Auriculares de diadema inalámbricos de la marca Beats by Dr. Dre Solo2 Wireless, conectalo con tu mp3 para escuchar tu música favorita o a tu smartphone para también realizar y recibir llamadas, permite moverte libremente hasta 9 metros sin cables y dispone de batería recargable con 12 horas de autonomía. Su excelente calidad de sonido lo convierte en uno de los mejores productos del mercado.&lt;/p&gt;

&lt;p&gt;&lt;img src=&quot;http://i.imgur.com/LYQyetu.jpg?1&quot; alt=&quot;Imgur&quot; title=&quot;Auriculares inalambricos Beats&quot; /&gt;&lt;/p&gt;

&lt;p&gt;Características:&lt;/p&gt;

&lt;ul&gt;
  &lt;li&gt;Transmisión por WiFi y bluetooth&lt;/li&gt;
  &lt;li&gt;Micrófono integrado&lt;/li&gt;
  &lt;li&gt;Diadema ajustable&lt;/li&gt;
&lt;/ul&gt;

&lt;p&gt;Valoraciones y precios&lt;/p&gt;

&lt;p&gt;&lt;a href=&quot;http://www.amazon.es/gp/product/B00TKGVBCG/ref=as_li_ss_tl?ie=UTF8&amp;amp;camp=3626&amp;amp;creative=24822&amp;amp;creativeASIN=B00TKGVBCG&amp;amp;linkCode=as2&amp;amp;tag=musicap3-21&quot;&gt;Amazon: Sin valoración - 284,90 €&lt;/a&gt;&lt;a href=&quot;http://ir-es.amazon-adsystem.com/e/ir?t=musicap3-21&amp;amp;l=as2&amp;amp;o=30&amp;amp;a=B00TKGVBCG&amp;quot; width=&amp;quot;1&amp;quot; height=&amp;quot;1&amp;quot; border=&amp;quot;0&amp;quot; alt=&amp;quot;&amp;quot; style=&amp;quot;border:none !important; margin:0px !important;&quot;&gt;.&lt;/a&gt; &lt;/p&gt;

</description>
        <pubDate>Fri, 24 Apr 2015 00:00:00 +0200</pubDate>
        <link>http://musicap3.com/Auriculares-inalambrios-Beats-Dr-Dre-Solo2-Negro/</link>
        <guid isPermaLink="true">http://musicap3.com/Auriculares-inalambrios-Beats-Dr-Dre-Solo2-Negro/</guid>
        
        
        <category>auriculares-inalambricos</category>
        
        <category>accesorios</category>
        
        <category>auriculares</category>
        
        <category>beats</category>
        
      </item>
    
      <item>
        <title>Mi primer reproductor MP3</title>
        <description>&lt;p&gt;Hoy os vengo a contar cuál fue mi primer reproductor MP3, y no fue otro que el Creative MuVo TX FM de 128 MB.&lt;/p&gt;

&lt;p&gt;&lt;img src=&quot;http://i.imgur.com/gRiJViR.jpg?1&quot; alt=&quot;Imgur&quot; title=&quot;Creative&quot; /&gt;&lt;/p&gt;

&lt;p&gt;Está claro que actualmente este reproductor no tendría mucho tirón, pero en su momento me pareció un gadget de gran calidad, no podía meter demasiada música, pero el sonido era bastante bueno, siempre he valorado la calidad de sonido de los productos Creative.&lt;/p&gt;

&lt;p&gt;Como características, pues 128 megas de capacidad, radio FM, no necesitaba ningún cable por que se conectaba directamente al ordenador y funcionaba con pilas. El reproductor iba acompañado de cd con un software para instalar en el ordenador que permitía organizar tus archivos mp3 y facilitaba la transferencia de los archivo.&lt;/p&gt;

&lt;p&gt;Ahora mismo lo veríamos como un producto del paleolítico pero que en su momento me amenizó muchos viajes en autobús al trabajo y solo lo consiguieron sustituir las siguiente generación de reproductores que llevaban integrada una pantalla y permitían reproducir vídeos.&lt;/p&gt;
</description>
        <pubDate>Sat, 18 Apr 2015 00:00:00 +0200</pubDate>
        <link>http://musicap3.com/Mi-primer-reproductor-Creative/</link>
        <guid isPermaLink="true">http://musicap3.com/Mi-primer-reproductor-Creative/</guid>
        
        
        <category>reproductores-mp3</category>
        
        <category>creative</category>
        
      </item>
    
      <item>
        <title>Reproductor para coches BESTOPE</title>
        <description>&lt;p&gt;El reproductor BESTOPE nos va a permitir escuchar en la radio de nuestro coche, a través de un canal FM, toda la música que queramos, ya que, admite tanto usb como tarjetas de memoria de hasta 8 gigas.&lt;/p&gt;

&lt;p&gt;&lt;img src=&quot;http://i.imgur.com/GSgpYzY.jpg?1&quot; alt=&quot;Imgur&quot; title=&quot;reproductor para coche&quot; /&gt;&lt;/p&gt;

&lt;p&gt;Características:&lt;/p&gt;

&lt;ul&gt;
  &lt;li&gt;Incluye puerto usb&lt;/li&gt;
  &lt;li&gt;Ranura para tarjetas SD&lt;/li&gt;
  &lt;li&gt;Incluye mando a distancia&lt;/li&gt;
&lt;/ul&gt;

&lt;p&gt;Valoraciones y precios:&lt;/p&gt;

&lt;p&gt;&lt;a href=&quot;http://www.amazon.es/gp/product/B00OZJA1LK/ref=as_li_ss_tl?ie=UTF8&amp;amp;camp=3626&amp;amp;creative=24822&amp;amp;creativeASIN=B00OZJA1LK&amp;amp;linkCode=as2&amp;amp;tag=musicap3-21&quot;&gt;Amazon: 3,5/5 - 14,99 €&lt;/a&gt;&lt;a href=&quot;http://ir-es.amazon-adsystem.com/e/ir?t=musicap3-21&amp;amp;l=as2&amp;amp;o=30&amp;amp;a=B00OZJA1LK&amp;quot; width=&amp;quot;1&amp;quot; height=&amp;quot;1&amp;quot; border=&amp;quot;0&amp;quot; alt=&amp;quot;&amp;quot; style=&amp;quot;border:none !important; margin:0px !important;&quot;&gt;.&lt;/a&gt; &lt;/p&gt;
</description>
        <pubDate>Sun, 12 Apr 2015 00:00:00 +0200</pubDate>
        <link>http://musicap3.com/Reproductor-para-coches-bestope/</link>
        <guid isPermaLink="true">http://musicap3.com/Reproductor-para-coches-bestope/</guid>
        
        
        <category>reproductores-mp3</category>
        
        <category>mp3-coches</category>
        
      </item>
    
      <item>
        <title>Cargador portátil de 8.400mAh RAVPower Negro</title>
        <description>&lt;p&gt;Batería externa de 8.400mAh con dos salidas USB y compatible tanto para reproductores MP3 como para smartphones con SO Android, Windows y Blackberry, para productos Apple es necesario utilizar un adaptador (no incluido)&lt;/p&gt;

&lt;p&gt;&lt;img src=&quot;http://i.imgur.com/0BdLgsI.jpg?1&quot; alt=&quot;Imgur&quot; title=&quot;Batería externa&quot; /&gt;&lt;/p&gt;

&lt;p&gt;Características:&lt;/p&gt;

&lt;ul&gt;
  &lt;li&gt;Tamaño reducido&lt;/li&gt;
  &lt;li&gt;Indicador LED de la energía disponible&lt;/li&gt;
  &lt;li&gt;Gran capacidad 8.400 mAh&lt;/li&gt;
  &lt;li&gt;Dos salidas USB&lt;/li&gt;
&lt;/ul&gt;

&lt;p&gt;Valoraciones y precios:&lt;/p&gt;

&lt;p&gt;&lt;a href=&quot;http://www.amazon.es/gp/product/B00EXDXTIA/ref=as_li_ss_tl?ie=UTF8&amp;amp;camp=3626&amp;amp;creative=24822&amp;amp;creativeASIN=B00EXDXTIA&amp;amp;linkCode=as2&amp;amp;tag=musicap3-21&quot;&gt;Amazon: 4,5/5 - 19,99 €&lt;/a&gt;&lt;a href=&quot;http://ir-es.amazon-adsystem.com/e/ir?t=musicap3-21&amp;amp;l=as2&amp;amp;o=30&amp;amp;a=B00EXDXTIA&amp;quot; width=&amp;quot;1&amp;quot; height=&amp;quot;1&amp;quot; border=&amp;quot;0&amp;quot; alt=&amp;quot;&amp;quot; style=&amp;quot;border:none !important; margin:0px !important;&quot;&gt;.&lt;/a&gt; &lt;/p&gt;
</description>
        <pubDate>Thu, 26 Mar 2015 00:00:00 +0100</pubDate>
        <link>http://musicap3.com/Bateria-Externa-RAVPower-Negra-8400mAh/</link>
        <guid isPermaLink="true">http://musicap3.com/Bateria-Externa-RAVPower-Negra-8400mAh/</guid>
        
        
        <category>accesorios</category>
        
        <category>cargadores-portatiles</category>
        
      </item>
    
      <item>
        <title>Auriculares de botón Sennheiser CX 150</title>
        <description>&lt;p&gt;En esta ocasión analizamos uno auriculares que recomiendo personalmente, los vengo utilizando desde hace más de un año casi a diario, los tengo en la oficina, y el sonido y resistencia bastante buenos, sobre todo, si tenemos en cuenta que estamos hablando de unos auriculares que no llegan a los 15€&lt;/p&gt;

&lt;p&gt;&lt;img src=&quot;http://i.imgur.com/RXb2kRI.jpg?1&quot; alt=&quot;Imgur&quot; title=&quot;Auriculares Sennheiser&quot; /&gt;&lt;/p&gt;

&lt;p&gt;Características:&lt;/p&gt;

&lt;ul&gt;
  &lt;li&gt;Frecuencia de auricular 20 - 20000 Hz;Tamaño de cable 1.2 m&lt;/li&gt;
  &lt;li&gt;Negro&lt;/li&gt;
&lt;/ul&gt;

&lt;p&gt;Valoraciones y precios&lt;/p&gt;

&lt;p&gt;&lt;a href=&quot;http://www.amazon.es/gp/product/B002YO8WRI/ref=as_li_ss_tl?ie=UTF8&amp;amp;camp=3626&amp;amp;creative=24822&amp;amp;creativeASIN=B002YO8WRI&amp;amp;linkCode=as2&amp;amp;tag=musicap3-21&quot;&gt;Amazon: 4,2/5 - 12,13 €&lt;/a&gt;&lt;a href=&quot;http://ir-es.amazon-adsystem.com/e/ir?t=musicap3-21&amp;amp;l=as2&amp;amp;o=30&amp;amp;a=B002YO8WRI&amp;quot; width=&amp;quot;1&amp;quot; height=&amp;quot;1&amp;quot; border=&amp;quot;0&amp;quot; alt=&amp;quot;&amp;quot; style=&amp;quot;border:none !important; margin:0px !important;&quot;&gt;.&lt;/a&gt; &lt;/p&gt;
</description>
        <pubDate>Sun, 22 Mar 2015 00:00:00 +0100</pubDate>
        <link>http://musicap3.com/Auriculares-Boton-Sennheiser-CX150/</link>
        <guid isPermaLink="true">http://musicap3.com/Auriculares-Boton-Sennheiser-CX150/</guid>
        
        
        <category>accesorios</category>
        
        <category>auriculares</category>
        
      </item>
    
      <item>
        <title>Auriculares inalámbricos Philips SHB5500BK</title>
        <description>&lt;p&gt;Auriculares inalámbricos Philips con tecnología Bluetooth y con posibilidad de contectar con tu smartphone para realizar llamadas y escuchar música&lt;/p&gt;

&lt;p&gt;&lt;img src=&quot;http://i.imgur.com/TWdHVAE.jpg?1&quot; alt=&quot;Imgur&quot; title=&quot;Auriculares inalambricos Philips&quot; /&gt;&lt;/p&gt;

&lt;p&gt;Características:&lt;/p&gt;

&lt;ul&gt;
  &lt;li&gt;Transmisión mediante bluetooth&lt;/li&gt;
  &lt;li&gt;Micrófono integrado&lt;/li&gt;
  &lt;li&gt;Diadema autoajustable&lt;/li&gt;
  &lt;li&gt;Batería para escuchar música o hablar por teléfono durante 9 h.&lt;/li&gt;
&lt;/ul&gt;

&lt;p&gt;Valoraciones y precios&lt;/p&gt;

&lt;p&gt;&lt;a href=&quot;http://www.amazon.es/gp/product/B00A926A4E/ref=as_li_ss_tl?ie=UTF8&amp;amp;camp=3626&amp;amp;creative=24822&amp;amp;creativeASIN=B00A926A4E&amp;amp;linkCode=as2&amp;amp;tag=musicap3-21&quot;&gt;Amazon: 3,8/5 - 29,95 €&lt;/a&gt;&lt;a href=&quot;http://ir-es.amazon-adsystem.com/e/ir?t=musicap3-21&amp;amp;l=as2&amp;amp;o=30&amp;amp;a=B00A926A4E&amp;quot; width=&amp;quot;1&amp;quot; height=&amp;quot;1&amp;quot; border=&amp;quot;0&amp;quot; alt=&amp;quot;&amp;quot; style=&amp;quot;border:none !important; margin:0px !important;&quot;&gt;.&lt;/a&gt; &lt;/p&gt;
</description>
        <pubDate>Thu, 19 Mar 2015 00:00:00 +0100</pubDate>
        <link>http://musicap3.com/Auriculares-inalambrios-Philips-SHB5500BK/</link>
        <guid isPermaLink="true">http://musicap3.com/Auriculares-inalambrios-Philips-SHB5500BK/</guid>
        
        
        <category>auriculares-inalambricos</category>
        
        <category>accesorios</category>
        
        <category>auriculares</category>
        
      </item>
    
      <item>
        <title>Reproductor Mp3 Acuático KK Electronics Negro</title>
        <description>&lt;p&gt;Reproductor Mp3 impermeable con radio FM integrada y 4 GB de almacenamiento de memoria, ideal para realizar cualquier actividad acuática.&lt;/p&gt;

&lt;p&gt;&lt;img src=&quot;http://i.imgur.com/4S2vfsa.jpg?1&quot; alt=&quot;Imgur&quot; title=&quot;Sony&quot; /&gt;&lt;/p&gt;

&lt;p&gt;Características:&lt;/p&gt;

&lt;ul&gt;
  &lt;li&gt;Batería con autonomía de entre 8 y 12 horas.&lt;/li&gt;
  &lt;li&gt;Memoria de 4 GB&lt;/li&gt;
  &lt;li&gt;Soporta MP3 y WMA&lt;/li&gt;
  &lt;li&gt;Incluye radio FM&lt;/li&gt;
&lt;/ul&gt;

&lt;p&gt;Valoración y Precios:&lt;/p&gt;

&lt;p&gt;&lt;a href=&quot;http://www.amazon.es/gp/product/B00D5NUYXW/ref=as_li_qf_sp_asin_tl?ie=UTF8&amp;amp;camp=3626&amp;amp;creative=24790&amp;amp;creativeASIN=B00D5NUYXW&amp;amp;linkCode=as2&amp;amp;tag=musicap3-21&quot;&gt;Amazon: Sin valoraciones - 26,30 €&lt;/a&gt;&lt;a href=&quot;http://ir-es.amazon-adsystem.com/e/ir?t=musicap3-21&amp;amp;l=as2&amp;amp;o=30&amp;amp;a=B00D5NUYXW&amp;quot; width=&amp;quot;1&amp;quot; height=&amp;quot;1&amp;quot; border=&amp;quot;0&amp;quot; alt=&amp;quot;&amp;quot; style=&amp;quot;border:none !important; margin:0px !important;&quot;&gt;.&lt;/a&gt;&lt;/p&gt;

</description>
        <pubDate>Mon, 16 Mar 2015 00:00:00 +0100</pubDate>
        <link>http://musicap3.com/Reproductor-Mp3-acuatico-KK-Electronics/</link>
        <guid isPermaLink="true">http://musicap3.com/Reproductor-Mp3-acuatico-KK-Electronics/</guid>
        
        
        <category>reproductores-mp3</category>
        
        <category>mp3-acuatico</category>
        
      </item>
    
      <item>
        <title>Energy Sistem Runing Neon Verde</title>
        <description>&lt;p&gt;Energy Sistem nos trae uno de los reproductores MP3 mejor adaptados para escuchar música mientras salimos a correr, ya que no solo cuenta con brazalete deportivo de neopreno, para ajustarlo al brazo, también dispone de un podómetro.&lt;/p&gt;

&lt;p&gt;&lt;img src=&quot;http://i.imgur.com/h1GIKHb.jpg?1&quot; alt=&quot;Imgur&quot; title=&quot;Auriculares Reproductor mp3&quot; /&gt;&lt;/p&gt;

&lt;p&gt;Características:&lt;/p&gt;

&lt;ul&gt;
  &lt;li&gt;8 GB de capacidad de almacenamiento&lt;/li&gt;
  &lt;li&gt;Diseñado para hacer deporte&lt;/li&gt;
  &lt;li&gt;Incluye brazalete deportivo&lt;/li&gt;
  &lt;li&gt;Con podómetro&lt;/li&gt;
  &lt;li&gt;Con radio FM&lt;/li&gt;
  &lt;li&gt;Formatos de audio: MP3, WAV, WMA, APE y FLAC&lt;/li&gt;
&lt;/ul&gt;

&lt;p&gt;Valoraciones y precios&lt;/p&gt;

&lt;p&gt;&lt;a href=&quot;http://www.amazon.es/gp/product/B00MBFT0VW/ref=as_li_tf_tl?ie=UTF8&amp;amp;camp=3626&amp;amp;creative=24790&amp;amp;creativeASIN=B00MBFT0VW&amp;amp;linkCode=as2&amp;amp;tag=musicap3-21&quot;&gt;Amazon: 2/5 - 36,97 €&lt;/a&gt;&lt;a href=&quot;http://ir-es.amazon-adsystem.com/e/ir?t=musicap3-21&amp;amp;l=as2&amp;amp;o=30&amp;amp;a=B00MBFT0VW&amp;quot; width=&amp;quot;1&amp;quot; height=&amp;quot;1&amp;quot; border=&amp;quot;0&amp;quot; alt=&amp;quot;&amp;quot; style=&amp;quot;border:none !important; margin:0px !important;&quot;&gt;.&lt;/a&gt;&lt;/p&gt;
</description>
        <pubDate>Sun, 15 Mar 2015 00:00:00 +0100</pubDate>
        <link>http://musicap3.com/Energy-Sistem-Running-Neon-Verde/</link>
        <guid isPermaLink="true">http://musicap3.com/Energy-Sistem-Running-Neon-Verde/</guid>
        
        
        <category>mp3-correr</category>
        
        <category>reproductores-mp3</category>
        
      </item>
    
      <item>
        <title>Transmisor manos libres para el coche</title>
        <description>&lt;p&gt;Hoy traemos un kit manos libres para poder utilizar el teléfono móvil en el coche que también tiene función MP3, permite escuchar tu música favorita mediante una tarjeta SD o un USB&lt;/p&gt;

&lt;p&gt;&lt;img src=&quot;http://i.imgur.com/qLAVJyP.jpg?1&quot; alt=&quot;Imgur&quot; title=&quot;Reproductor MP3 para el coche&quot; /&gt;&lt;/p&gt;

&lt;p&gt;Características:&lt;/p&gt;

&lt;ul&gt;
  &lt;li&gt;Con mando a distancia&lt;/li&gt;
  &lt;li&gt;Incluye lector de tarjetas SD y USB&lt;/li&gt;
  &lt;li&gt;Formatos de audio MP3 y WMA&lt;/li&gt;
  &lt;li&gt;Alimentación a través del mechero&lt;/li&gt;
  &lt;li&gt;Tecnología Bluetooth&lt;/li&gt;
&lt;/ul&gt;

&lt;p&gt;Valoraciones y precios&lt;/p&gt;

&lt;p&gt;Amazon: Sin valoración - 17,45 €&lt;/p&gt;
</description>
        <pubDate>Fri, 13 Mar 2015 00:00:00 +0100</pubDate>
        <link>http://musicap3.com/Transmisor-manos-libres-para-el-coche/</link>
        <guid isPermaLink="true">http://musicap3.com/Transmisor-manos-libres-para-el-coche/</guid>
        
        
        <category>mp3-coches</category>
        
        <category>manos-libres</category>
        
        <category>bluetooth</category>
        
      </item>
    
  </channel>
</rss>
